{"train/loss": 0.0735, "train/grad_norm": 1.925312876701355, "train/learning_rate": 0.0, "train/epoch": 5.0, "train/global_step": 1850, "_timestamp": 1717229386.8259165, "_runtime": 293.82130551338196, "_step": 375, "eval/loss": 0.18696311116218567, "eval/accuracy": 0.9377537212449256, "eval/runtime": 5.6592, "eval/samples_per_second": 130.583, "eval/steps_per_second": 16.433, "train_runtime": 295.2831, "train_samples_per_second": 100.107, "train_steps_per_second": 6.265, "total_flos": 2.2913817801515827e+18, "train_loss": 0.3076126502977835, "_wandb": {"runtime": 293}}