{"train/loss": 0.2943, "train/grad_norm": 2.216463088989258, "train/learning_rate": 0.0, "train/epoch": 5.0, "train/global_step": 465, "_timestamp": 1717233141.1885824, "_runtime": 260.6312634944916, "_step": 160, "eval/loss": 0.24435870349407196, "eval/accuracy": 0.9445196211096076, "eval/runtime": 5.5959, "eval/samples_per_second": 132.061, "eval/steps_per_second": 16.619, "train_runtime": 262.095, "train_samples_per_second": 112.784, "train_steps_per_second": 1.774, "total_flos": 2.2913817801515827e+18, "train_loss": 0.5232902073091076, "_wandb": {"runtime": 259}}