{"train/loss": 0.072, "train/grad_norm": 1.3481941223144531, "train/learning_rate": 0.0, "train/epoch": 5.0, "train/global_step": 1850, "_timestamp": 1717230581.0822427, "_runtime": 292.73966574668884, "_step": 1855, "eval/loss": 0.2088480442762375, "eval/accuracy": 0.9336941813261164, "eval/runtime": 4.8109, "eval/samples_per_second": 153.61, "eval/steps_per_second": 19.331, "train_runtime": 294.1835, "train_samples_per_second": 100.481, "train_steps_per_second": 6.289, "total_flos": 2.2913817801515827e+18, "train_loss": 0.29463264385741705, "_wandb": {"runtime": 290}}