{"train/loss": 0.2628, "train/grad_norm": 0.8877335786819458, "train/learning_rate": 0.0, "train/epoch": 10.0, "train/global_step": 930, "_timestamp": 1717249398.7238688, "_runtime": 474.4162538051605, "_step": 321, "eval/loss": 0.3144588768482208, "eval/accuracy": 0.9269282814614344, "eval/runtime": 5.2949, "eval/samples_per_second": 139.567, "eval/steps_per_second": 4.533, "train_runtime": 470.6164, "train_samples_per_second": 125.622, "train_steps_per_second": 1.976, "total_flos": 4.5827635603031654e+18, "train_loss": 0.8690957944239339, "_wandb": {"runtime": 473}}