{"train/loss": 0.1884, "train/grad_norm": 1.7952908277511597, "train/learning_rate": 0.0, "train/epoch": 5.0, "train/global_step": 465, "_timestamp": 1717248026.243816, "_runtime": 244.13109278678894, "_step": 161, "eval/loss": 0.2552037239074707, "eval/accuracy": 0.9377537212449256, "eval/runtime": 5.6114, "eval/samples_per_second": 131.697, "eval/steps_per_second": 16.573, "train_runtime": 241.2753, "train_samples_per_second": 122.516, "train_steps_per_second": 1.927, "total_flos": 2.2913817801515827e+18, "train_loss": 0.5432910651289007, "_wandb": {"runtime": 243}}