{"train/loss": 0.0648, "train/grad_norm": 0.6986122131347656, "train/learning_rate": 0.0, "train/epoch": 5.0, "train/global_step": 925, "_timestamp": 1717232311.643613, "_runtime": 249.94711804389954, "_step": 930, "eval/loss": 0.21975082159042358, "eval/accuracy": 0.9431664411366711, "eval/runtime": 5.8012, "eval/samples_per_second": 127.387, "eval/steps_per_second": 16.031, "train_runtime": 251.3693, "train_samples_per_second": 117.596, "train_steps_per_second": 3.68, "total_flos": 2.2913817801515827e+18, "train_loss": 0.38704292371869087, "_wandb": {"runtime": 249}}