{"train/loss": 0.2723, "train/grad_norm": 2.027073860168457, "train/learning_rate": 0.0, "train/epoch": 5.0, "train/global_step": 925, "_timestamp": 1717231469.5739493, "_runtime": 256.9067392349243, "_step": 930, "eval/loss": 0.19397640228271484, "eval/accuracy": 0.9485791610284168, "eval/runtime": 5.0889, "eval/samples_per_second": 145.219, "eval/steps_per_second": 18.275, "train_runtime": 258.4065, "train_samples_per_second": 114.393, "train_steps_per_second": 3.58, "total_flos": 2.2913817801515827e+18, "train_loss": 0.3983797804084984, "_wandb": {"runtime": 254}}