{"train/loss": 0.5695, "train/grad_norm": 1.9522719383239746, "train/learning_rate": 0.0, "train/epoch": 10.0, "train/global_step": 930, "_timestamp": 1717248841.2242887, "_runtime": 476.602552652359, "_step": 321, "eval/loss": 0.6827192306518555, "eval/accuracy": 0.8971583220568335, "eval/runtime": 4.1655, "eval/samples_per_second": 177.41, "eval/steps_per_second": 5.762, "train_runtime": 478.3211, "train_samples_per_second": 123.599, "train_steps_per_second": 1.944, "total_flos": 4.5827635603031654e+18, "train_loss": 1.3764911397810906, "_wandb": {"runtime": 469}}