{"train/loss": 0.0586, "train/grad_norm": 0.45546117424964905, "train/learning_rate": 0.0, "train/epoch": 10.0, "train/global_step": 930, "_timestamp": 1717251920.9977298, "_runtime": 502.719765663147, "_step": 321, "eval/loss": 0.19182777404785156, "eval/accuracy": 0.9431664411366711, "eval/runtime": 7.6232, "eval/samples_per_second": 96.94, "eval/steps_per_second": 3.148, "train_runtime": 496.5848, "train_samples_per_second": 119.053, "train_steps_per_second": 1.873, "total_flos": 4.5827635603031654e+18, "train_loss": 0.5148623089476299, "_wandb": {"runtime": 501}}