{"train/loss": 0.0489, "train/grad_norm": 0.1861220896244049, "train/learning_rate": 0.0, "train/epoch": 10.0, "train/global_step": 930, "_timestamp": 1717250288.825902, "_runtime": 453.7903480529785, "_step": 321, "eval/loss": 0.18530438840389252, "eval/accuracy": 0.9445196211096076, "eval/runtime": 4.2727, "eval/samples_per_second": 172.958, "eval/steps_per_second": 5.617, "train_runtime": 451.0252, "train_samples_per_second": 131.079, "train_steps_per_second": 2.062, "total_flos": 4.5827635603031654e+18, "train_loss": 0.46100278272423695, "_wandb": {"runtime": 452}}