{"train/loss": 0.2096, "train/grad_norm": 1.3829339742660522, "train/learning_rate": 8.651215410382384e-10, "train/epoch": 5.0, "train/global_step": 925, "_timestamp": 1717232815.877654, "_runtime": 269.1415910720825, "_step": 313, "eval/loss": 0.19886328279972076, "eval/accuracy": 0.9418132611637348, "eval/runtime": 5.8853, "eval/samples_per_second": 125.568, "eval/steps_per_second": 15.802, "train_runtime": 271.3501, "train_samples_per_second": 108.937, "train_steps_per_second": 3.409, "total_flos": 2.2913817801515827e+18, "train_loss": 0.38924966411010636, "_wandb": {"runtime": 268}}