{"train/loss": 0.001, "train/grad_norm": 0.06002560630440712, "train/learning_rate": 8.108108108108107e-06, "train/epoch": 5.0, "train/global_step": 1850, "_timestamp": 1717228047.3050013, "_runtime": 707.7242822647095, "_step": 24, "eval/loss": 0.34321171045303345, "eval/accuracy": 0.9174560216508796, "eval/runtime": 5.4057, "eval/samples_per_second": 136.708, "eval/steps_per_second": 17.204, "train_runtime": 704.0247, "train_samples_per_second": 41.987, "train_steps_per_second": 2.628, "total_flos": 2.2913817801515827e+18, "train_loss": 0.24464284275633258, "_wandb": {"runtime": 706}}